skill_name,count,percent
Horoscope,29,0.053559885492658596
Riddles,85,0.15698587127158556
Translator,118,0.21793332717702463
iot,2520,4.654169360051713
olli.calculator,498,0.919752516391172
olli.playmusic,12151,22.441592021423954
olli.reminder,921,1.7009880875427092
olli.weather,2158,3.985594237695078
public,35664,65.8675778003509
Đặt vé máy bay,1,0.0018468926031951242
