skill_name,count,percent
Horoscope,271,0.0005172417083863777
Riddles,852,0.0016261621237830027
Translator,1166,0.0022254753947546727
iot,24936,0.047593871735508164
olli.calculator,1045,0.0019945298349216406
olli.playmusic,118709,0.22657286332412732
olli.reminder,4358,0.008317857435969866
olli.weather,9992,0.019071140775633526
public,362599,0.6920713144619637
Đặt vé máy bay,5,9.543204951778185e-06
